{
  "frames_total": 750000,
  "frames_voiced_by_mixtureVAD": 472047,
  "frames_voiced_by_GT": 750000,
  "vad_confusion": {
    "TP": 472047,
    "FP": 0,
    "FN": 277953,
    "TN": 0
  },
  "vad_metrics": {
    "acc": 0.629396,
    "prec": 1.0,
    "rec": 0.629396,
    "f1": 0.7725513012183656
  },
  "nsrc_hist": {
    "0": 0,
    "1": 750000,
    "2": 0,
    "3_or_more": 0
  },
  "azimuth_hist_minmax": {
    "min": 9075,
    "max": 11875
  },
  "srp_top1_within_deg": {
    "5": 0.17803333333333332,
    "10": 0.2861,
    "15": 0.38176666666666664
  },
  "srp_confidence_hist": {
    "hist_edges": [
      0.0,
      0.025,
      0.05,
      0.07500000000000001,
      0.1,
      0.125,
      0.15000000000000002,
      0.17500000000000002,
      0.2,
      0.225,
      0.25,
      0.275,
      0.30000000000000004,
      0.325,
      0.35000000000000003,
      0.375,
      0.4,
      0.42500000000000004,
      0.45,
      0.47500000000000003,
      0.5,
      0.525,
      0.55,
      0.5750000000000001,
      0.6000000000000001,
      0.625,
      0.65,
      0.675,
      0.7000000000000001,
      0.7250000000000001,
      0.75,
      0.775,
      0.8,
      0.8250000000000001,
      0.8500000000000001,
      0.875,
      0.9,
      0.925,
      0.9500000000000001,
      0.9750000000000001,
      1.0
    ],
    "hist_counts": [
      9650,
      400475,
      273050,
      58950,
      7300,
      575,
      0,
      0,
      0,
      0,
      0,
      0,
      0,
      0,
      0,
      0,
      0,
      0,
      0,
      0,
      0,
      0,
      0,
      0,
      0,
      0,
      0,
      0,
      0,
      0,
      0,
      0,
      0,
      0,
      0,
      0,
      0,
      0,
      0,
      0
    ],
    "mean": 0.05101666666666667,
    "n": 750000
  }
}