{
  "frames_total": 1600,
  "frames_voiced_by_mixtureVAD": 1125,
  "frames_voiced_by_GT": 1308,
  "vad_confusion": {
    "TP": 1043,
    "FP": 82,
    "FN": 265,
    "TN": 210
  },
  "vad_metrics": {
    "acc": 0.783125,
    "prec": 0.9271111111111111,
    "rec": 0.7974006116207951,
    "f1": 0.8573777229757501
  },
  "nsrc_hist": {
    "0": 292,
    "1": 818,
    "2": 392,
    "3_or_more": 98
  },
  "azimuth_hist_minmax": {
    "min": 0,
    "max": 96
  },
  "srp_top1_within_deg": {
    "5": 0.22018348623853212,
    "10": 0.36314984709480125,
    "15": 0.47553516819571867
  },
  "srp_confidence_hist": {
    "hist_edges": [
      0.0,
      0.025,
      0.05,
      0.07500000000000001,
      0.1,
      0.125,
      0.15000000000000002,
      0.17500000000000002,
      0.2,
      0.225,
      0.25,
      0.275,
      0.30000000000000004,
      0.325,
      0.35000000000000003,
      0.375,
      0.4,
      0.42500000000000004,
      0.45,
      0.47500000000000003,
      0.5,
      0.525,
      0.55,
      0.5750000000000001,
      0.6000000000000001,
      0.625,
      0.65,
      0.675,
      0.7000000000000001,
      0.7250000000000001,
      0.75,
      0.775,
      0.8,
      0.8250000000000001,
      0.8500000000000001,
      0.875,
      0.9,
      0.925,
      0.9500000000000001,
      0.9750000000000001,
      1.0
    ],
    "hist_counts": [
      0,
      688,
      752,
      144,
      16,
      0,
      0,
      0,
      0,
      0,
      0,
      0,
      0,
      0,
      0,
      0,
      0,
      0,
      0,
      0,
      0,
      0,
      0,
      0,
      0,
      0,
      0,
      0,
      0,
      0,
      0,
      0,
      0,
      0,
      0,
      0,
      0,
      0,
      0,
      0
    ],
    "mean": 0.0545,
    "n": 1600
  }
}